Estrategia,F1_mean,F1_std
SMOTE,0.6684830748597027,0.021260984057500404
Sin balanceo,0.63788753429545,0.04410661264489845
class_weight=balanced,0.6274167411608833,0.03631389881820375
